title,description,genre
War Hero,"A soldier fights in a dangerous battle to save his country",Action
Final Battle,"A brave hero fights against enemies in a war",Action
Speed Chase,"A police officer fights criminals in a high speed chase",Action
Love Story,"Two young people fall in love and start a beautiful relationship",Romance
Wedding Day,"A couple prepares for their romantic wedding",Romance
True Love,"Two people discover love and build a strong relationship",Romance
Haunted House,"A family moves into a haunted house with a scary ghost",Horror
Dead Night,"A group of friends are trapped in a scary haunted place",Horror
Ghost Story,"A ghost appears every night in an old house",Horror
Funny Friends,"Friends create funny situations and make everyone laugh",Comedy
Crazy Family,"A funny family goes through many comedy situations",Comedy
Comedy Night,"A comedian makes everyone laugh with funny jokes",Comedy
Space Mission,"Astronauts travel through space to explore a new planet",Science Fiction
Future World,"Robots live with humans in a technologically advanced future",Science Fiction
Alien Planet,"Scientists discover an alien civilization on another planet",Science Fiction
Family Life,"A family faces problems and learns important lessons",Drama
The Journey,"A young man struggles with difficult situations in his life",Drama
Broken Dreams,"A student works hard to overcome problems and achieve his dreams",Drama